Name,Status,Sets,C,Rows,Cols,NZs,Int,Bin,Con,Objective,AGG,VBD,PAR,PAC,COV,CAR,EQK,BIN,IVK,KNA,IKN,M01,GEN
30_70_4.5_0.95_100,easy,P,MBP,12526,10976,46640,,10975,1,3,,X,,,X,,,,X,,,X,
30n20b8,easy,B,IP,576,18380,109706,7344,11036,,302,,X,X,,,,,,,,,,X
50v-10,easy,C,MIP,233,2013,2745,183,1464,366,3311.18,,,,,,,,,,,,X,X
a1c1s1,easy,C,MBP,3312,3648,10178,,192,3456,11503.4,X,X,,,,,,,,,,X,
acc-tight4,easy,PR,BP,3285,1620,17073,,1620,,0,,X,X,X,X,X,,,X,,,X,
acc-tight5,easy,BPR,BP,3052,1339,16134,,1339,,0,X,X,X,X,X,X,,,X,,,X,
acc-tight6,easy,PR,BP,3047,1335,16108,,1335,,0,X,X,X,X,X,X,,,X,,,X,
aflow40b,easy,B,MBP,1442,2728,6783,,1364,1364,1168,,X,X,,,,,,,,,X,
air04,easy,B,BP,823,8904,72965,,8904,,56137,X,,X,,,,,,,,,,
app1-2,easy,B,MBP,53467,26871,199175,,13300,13571,-41,,X,,,X,,,,X,,,X,
ash608gpia-3col,easy,BI,BP,24748,3651,74244,,3651,,Infeasible,,,X,X,,,,,,,,,
atlanta-ip,easy,C,MIP,21732,48738,257532,106,46667,1965,90.0099,X,X,X,,,X,,,X,X,X,X,X
atm20-100,easy,C,MBP,4380,6480,58878,,2220,4260,2.46E+06,,X,X,,,,,,X,,,X,
b2c1s1,hard,C,MBP,3904,3872,11408,,288,3584,25687.9,X,X,,,,,,,,,,X,
bab1,open,C,BP,60680,61152,854392,,61152,,?,X,,,X,X,X,,,X,X,,X,
bab3,open,C,BP,23069,393800,3301838,,393800,,?,X,,X,X,,X,X,,X,X,,X,
bab5,easy,B,BP,4964,21600,155520,,21600,,-106412,X,,X,X,,X,X,,X,X,,X,
beasleyC3,easy,B,MBP,1750,2500,5000,,1250,1250,754,X,X,,,,,,,,,,X,
berlin_5_8_0,easy,C,MBP,1532,1083,4507,,794,289,62,,X,,,X,,,,X,,,X,
bg512142,hard,C,MBP,1307,792,3953,,240,552,184203,X,X,,,,,,,,,,X,
biella1,easy,B,MBP,1203,7328,71489,,6110,1218,3.07E+06,,,,,,,,,X,,,X,
bienst2,easy,B,MBP,576,505,2184,,35,470,54.6,,X,,,,X,,,,,,X,
binkar10_1,easy,B,MBP,1026,2298,4496,,170,2128,6742.2,X,,,,,,,,,,,X,
bley_xl1,easy,B,BP,175620,5831,869391,,5831,,190,X,X,X,X,,X,,,X,X,,X,
blp-ar98,easy,T,MBP,1128,16021,200601,,15806,215,6205.21,,X,,X,,,,,,,,X,
blp-ic97,easy,C,MBP,923,9845,118149,,9753,92,4025.02,,,,X,,,,,,,,X,
bnatt350,easy,BPR,BP,4923,3150,19061,,3150,,0,,,,,X,,,,X,,,X,
bnatt400,easy,CR,BP,5614,3600,21698,,3600,,1,,,,,X,,,,X,,,X,
buildingenergy,easy,C,MIP,277594,154978,788969,26287,,128691,33283.9,X,X,,,,,,,,,,X,X
cdma,open,CU,MBP,9095,7891,168227,,4235,3656,?,X,X,,X,X,,,X,X,,,X,
circ10-3,open,CR,BP,42620,2700,307320,,2700,,?,,X,X,,X,,,,X,,,X,
co-100,easy,C,BP,2187,48417,1995817,,48417,,2.64E+06,,X,X,X,,,,X,X,X,,,
core2536-691,easy,B,MBP,2539,15293,177739,,15284,9,689,,X,,,X,,,,X,,,X,
core4872-1529,open,C,MBP,4875,24656,218762,,24645,11,?,,X,,,X,,,,X,,,X,
cov1075,easy,B,BP,637,120,14280,,120,,20,,,,,X,,,,X,,,X,
csched007,easy,T,MBP,351,1758,6379,,1457,301,351,X,X,X,,,,,,,,,X,
csched008,easy,RT,MBP,351,1536,5687,,1284,252,173,X,X,X,,,,,,,,,X,
csched010,easy,B,MBP,351,1758,6376,,1457,301,408,X,X,X,,,,,,,,,X,
d10200,hard,C,IP,947,2000,57637,1267,733,,12430,,,X,,,,,,X,X,,,
d20200,open,C,IP,1502,4000,189389,819,3181,,?,,,X,,,,,,X,X,,,
dano3mip,open,CR,MBP,3202,13873,79655,,552,13321,?,,X,,,,X,,,,,,X,
danoint,easy,B,MBP,664,521,3232,,56,465,65.6667,,X,,,,X,,,,,,X,
datt256,open,C,BP,11077,262144,1503732,,262144,,?,,,X,,,X,X,,,,,,
dc1c,hard,C,MBP,1649,10039,121158,,8380,1659,1.77E+06,X,,,,,,,,X,,,X,
dc1l,open,C,MBP,1653,37297,448754,,35638,1659,?,X,,,,,,,,X,,,X,
dfn-gwin-UUM,easy,B,MIP,158,938,2632,90,,848,38752,X,,,,,,,,,,,X,X
dg012142,hard,C,MBP,6310,2080,14795,,640,1440,2.30E+06,X,X,,,,,,,,,,X,
dolom1,hard,C,MBP,1803,11612,190413,,9720,1892,6.61E+06,,,,,,,,,X,,,X,
ds-big,open,CR,BP,1042,174997,4623442,,174997,,?,,,X,,,,,,,,,,
eil33.2,easy,B,BP,32,4516,44243,,4516,,934.008,,,X,,,,,,,,,,
eilA101.2,easy,C,BP,100,65832,959373,,65832,,880.92,,,X,,,,,,,,,,
eilB101,easy,B,BP,100,2818,24120,,2818,,1216.92,,,X,,,,,,,,,,
enlight13,easy,B,IP,169,338,962,169,169,,71,,,,,,,,,,,,,X
enlight14,easy,BI,IP,196,392,1120,196,196,,Infeasible,,,,,,,,,,,,,X
enlight15,easy,T,IP,225,450,1290,225,225,,69,,,,,,,,,,,,,X
enlight16,easy,IT,IP,256,512,1472,256,256,,Infeasible,,,,,,,,,,,,,X
enlight9,easy,I,IP,81,162,450,81,81,,Infeasible,,,,,,,,,,,,,X
ex1010-pi,open,C,BP,1468,25200,102114,,25200,,?,,,,,X,,,,X,,,,
ex10,easy,P,BP,69608,17680,1162000,,17680,,100,,X,X,,,,,,X,,,,
ex9,easy,BP,BP,40962,10404,517112,,10404,,81,,X,X,,,,,,X,,,,
f2000,open,CR,BP,10500,4000,29500,,4000,,?,,X,,,X,,,,X,,,,
g200x740i,hard,C,MBP,940,1480,2960,,740,740,30086,,X,,,,,,,,,,X,
ger50_17_trans,hard,CU,MIP,499,22414,172035,18062,,4352,7393.26,,,,,,,,,,,,X,X
germanrr,easy,C,MIP,10779,10813,175547,5286,5288,239,4.71E+07,,X,,,,,,,,,,X,X
germany50-DBM,hard,C,MIP,2526,8189,24479,88,,8101,473840,X,,,,,,,,,,,X,X
glass4,easy,BT,MBP,396,322,1815,,302,20,1.20E+09,,X,X,,,,,,,,,X,
gmu-35-40,easy,BT,MBP,424,1205,4843,,1200,5,-2.41E+06,,X,,X,,,,,,,,X,
gmu-35-50,easy,T,MBP,435,1919,8643,,1914,5,-2.61E+06,,X,,X,,,,,,,,X,
gmut-75-50,hard,C,MBP,2565,68865,571475,,68859,6,-1.42E+07,,X,,X,,,,,,,,X,
gmut-77-40,hard,C,MBP,2554,24338,159902,,24332,6,-1.42E+07,,X,,X,,,,,,,,X,
go19,easy,CT,BP,441,441,1885,,441,,84,,,,,X,,,,X,,,,
hanoi5,hard,CR,BP,16399,3862,39718,,3862,,1931,,X,,,X,,,,X,,,,
harp2,easy,U,BP,112,2993,5840,,2993,,-7.39E+07,,,X,,,,,,,X,,X,
hawaiiv10-130,open,CUX,MBP,1388052,685130,183263061,,578444,106686,?,X,X,X,X,,X,,,X,,,X,
ic97_potential,easy,C,MIP,1046,728,3138,73,450,205,3942,,,,,,,,,,,,X,X
iis-100-0-cov,easy,B,BP,3831,100,22986,,100,,29,,,,,X,,,,X,,,,
iis-bupa-cov,easy,B,BP,4803,345,38392,,345,,36,,,,,X,,,,X,,,,
iis-pima-cov,easy,B,BP,7201,768,71941,,768,,33,,,,,X,,,,X,,,,
in,hard,CRX,MBP,1526202,1449074,6811639,,1489,1447585,58,X,X,,,,,,,,,,X,
ivu06-big,open,CRX,BP,1177,2277736,23125770,,2277736,,?,,,X,,,,,,,,,,
ivu52,hard,CR,BP,2116,157591,2179476,,157591,,481.007,,,X,,,,,,X,X,,X,
janos-us-DDM,hard,C,MIP,760,2184,6384,84,,2100,1.49E+06,X,,,,,,,,,,,X,X
k16x240,easy,T,MBP,256,480,960,,240,240,10674,,X,,,,,,,,,,X,
lectsched-1,easy,P,IP,50108,28718,310792,482,28236,,0,X,X,,,,,,,,,X,,X
lectsched-1-obj,open,C,IP,50108,28718,310792,482,28236,,?,X,X,,,,,,,,,X,,X
lectsched-2,easy,P,IP,30738,17656,186520,369,17287,,0,X,X,,,,,,,,,X,,X
lectsched-3,easy,P,IP,45262,25776,279967,457,25319,,0,X,X,,,,,,,,,X,,X
lectsched-4-obj,easy,B,IP,14163,7901,82428,236,7665,,4,X,X,,,,,,,,,X,,X
leo1,easy,T,MBP,593,6731,131218,,6730,1,4.04E+08,,X,,X,X,,,,X,,,X,
leo2,easy,C,MBP,593,11100,219959,,11099,1,4.04E+08,,X,,X,X,,,,X,,,X,
liu,open,C,MBP,2178,1156,10626,,1089,67,?,,X,,,,,,,,,,X,
lotsize,easy,C,MBP,1920,2985,6565,,1195,1790,1.48E+06,,X,,X,,,,,X,,,X,
lrsa120,hard,C,MIP,14521,3839,39956,119,120,3600,Infeasible,X,X,,,,,,,X,,,X,X
m100n500k4r1,easy,BP,BP,100,500,2000,,500,,-25,,,,X,,,,,,,,,
macrophage,easy,B,BP,3164,2260,9492,,2260,,374,,,,,X,,,,X,,,,
map06,easy,R,MBP,328818,164547,549920,,146,164401,-289,,X,,,,,,,,X,,X,
map10,easy,R,MBP,328818,164547,549920,,146,164401,-495,,X,,,,,,,,X,,X,
map14,easy,R,MBP,328818,164547,549920,,146,164401,-674,,X,,,,,,,,X,,X,
map18,easy,BR,MBP,328818,164547,549920,,146,164401,-847,,X,,,,,,,,X,,X,
map20,easy,B,MBP,328818,164547,549920,,146,164401,-922,,X,,,,,,,,X,,X,
markshare_5_0,easy,T,MBP,5,45,203,,40,5,1,,,,,,,,,,,,X,
maxgasflow,easy,CT,MBP,7160,7437,19717,,2456,4981,-4.46E+07,X,X,,,,,,,,,,X,
mc11,easy,T,MBP,1920,3040,6080,,1520,1520,11689,,X,,,,,,,,,,X,
mcsched,easy,B,MIP,2107,1747,8088,14,1731,2,211913,X,X,X,X,,,,,X,,,X,
methanosarcina,open,C,BP,14604,7930,43812,,7930,,?,,,,,X,,,,X,,,,
mik.250-1-100.1,easy,B,MIP,151,251,5351,150,100,1,-66729,,,,,,,,,,,,,X
mine-166-5,easy,B,BP,8429,830,19412,,830,,-5.66E+08,,X,,,,,,,,X,,,
mine-90-10,easy,B,BP,6270,900,15407,,900,,-7.84E+08,,X,,,,,,,,X,,,
mining,open,C,MBP,661133,348921,3844879,,348920,1,?,,X,,,,,,,X,,,X,
mkc,hard,C,MBP,3411,5325,17038,,5323,2,-563.846,,X,,X,,,,,X,,,X,
momentum1,easy,CT,MBP,42680,5174,103198,,2349,2825,109143,X,X,X,,,,,,X,,,X,
momentum2,easy,U,MIP,24237,3732,349695,1,1808,1923,12314.1,,X,X,,,,,,X,,,X,X
momentum3,open,CR,MIP,56822,13532,949495,1,6598,6933,?,X,X,X,,,,,,X,,,X,X
msc98-ip,easy,BR,MIP,15850,21143,92918,53,20237,853,1.98E+07,X,X,X,,,X,,,X,X,X,X,X
mspp16,easy,BX,BP,561657,29280,27678735,,29280,,363,,X,X,X,X,,,,X,X,,X,
mzzv11,easy,B,IP,9499,10240,134603,251,9989,,-21718,,X,X,X,X,X,,,X,X,,X,X
n15-3,open,CR,MIP,29494,153140,611000,780,,152360,?,,,,,,,,,,,,X,X
n3-3,hard,C,MIP,2425,9028,35380,366,,8662,15915,X,,,,,,,,,,,X,X
n3700,open,C,MBP,5150,10000,20000,,5000,5000,?,,X,,,,,,,,,,X,
n3705,open,C,MBP,5150,10000,20000,,5000,5000,?,,X,,,,,,,,,,X,
n370a,open,C,MBP,5150,10000,20000,,5000,5000,?,,X,,,,,,,,,,X,
n3div36,easy,B,BP,4484,22120,340740,,22120,,130800,,,,X,X,,,,X,,,X,
n3seq24,easy,B,BP,6044,119856,3232340,,119856,,52200,,,,X,X,,,,X,,,X,
n4-3,easy,B,MIP,1236,3596,14036,174,,3422,8993,X,,,,,,,,,,,X,X
n9-3,easy,C,MIP,2364,7644,30072,252,,7392,14409,X,,,,,,,,,,,X,X
nag,open,C,MIP,5840,2884,26499,35,1350,1499,?,X,X,X,,,,,,,,,X,X
nb10tb,open,CU,MIP,150495,73340,1172289,2756,14124,56460,?,X,X,,X,,,,X,X,X,,X,
neos-1109824,easy,B,BP,28979,1520,89528,,1520,,378,,X,X,,,X,,,X,,,,
neos-1112782,easy,U,MBP,2115,4140,8145,,2070,2070,5.72E+11,,X,,,,,,,,,,X,
neos-1112787,easy,U,MBP,1680,3280,6440,,1640,1640,5.65E+11,,X,,,,,,,,,,X,
neos-1140050,hard,CU,MBP,3795,40320,808080,,38640,1680,Infeasible,,,X,,,,,,,,,X,
neos-1171692,easy,P,MBP,4239,1638,42945,,819,819,-273,,X,,,,,,,X,,,X,
neos-1171737,easy,P,MBP,4179,2340,58620,,1170,1170,-195,,X,,X,,,,,,,,X,
neos-1224597,easy,P,IP,3276,3395,25090,245,3150,,-428,,X,X,X,,X,,,X,X,,X,X
neos-1225589,easy,U,MBP,675,1300,2525,,650,650,1.23E+09,,X,,,,,,,,,,X,
neos-1311124,open,C,MBP,1643,1092,7140,,546,546,?,,X,,X,,,,,,,,X,
neos-1337307,easy,B,BP,5687,2840,30799,,2840,,-202319,,X,X,,,,,,X,X,,,
neos-1396125,easy,B,MBP,1494,1161,5511,,129,1032,3000.05,,X,X,X,,X,,,X,X,,X,
neos13,easy,B,MBP,20852,1827,253842,,1815,12,-95.4748,,,,,,,,,X,,,X,
neos-1426635,easy,T,MBP,796,520,3400,,260,260,-176,,X,,X,,,,,,,,X,
neos-1426662,easy,T,MBP,1914,832,8048,,416,416,-44,,X,,X,,,,,,,,X,
neos-1429212,open,C,MBP,58726,416040,1855220,,54756,361284,?,X,X,X,,,X,,,,,,X,
neos-1436709,easy,T,MBP,1417,676,6214,,338,338,-128,,X,,,,,,,,,,X,
neos-1440225,easy,P,BP,330,1285,14168,,1285,,36,,,X,,,,,,,,,,
neos-1440460,easy,T,MBP,989,468,4302,,234,234,-179.25,,X,,,,,,,,,,X,
neos-1442119,easy,T,MBP,1524,728,6692,,364,364,-181,,X,,,,,,,,,,X,
neos-1442657,easy,T,MBP,1310,624,5736,,312,312,-154.5,,X,,,,,,,,,,X,
neos15,easy,T,MBP,552,792,1766,,160,632,80598.4,X,X,,,,,,,,,,X,
neos-1601936,easy,BR,MBP,3131,4446,72500,,3906,540,3,,,X,,X,,,,X,,,X,
neos-1605061,easy,R,MBP,3474,4111,93483,,3570,541,12,,,X,,X,,,,X,,,X,
neos-1605075,easy,R,MBP,3467,4173,91377,,3633,540,9,,,X,,X,X,,,X,,,X,
neos-1616732,easy,T,BP,1999,200,3998,,200,,159,,X,,,,,,,,,,,
neos-1620770,easy,T,BP,9296,792,19292,,792,,9,,X,X,,,,,,,,,,
neos16,easy,T,IP,1018,377,2801,41,336,,446,,X,,,,,,,,,X,,X
neos18,easy,B,BP,11402,3312,24614,,3312,,16,,X,,,X,,,,X,,,,
neos-476283,easy,B,MBP,10015,11915,3945693,,5588,6327,406.363,X,X,X,X,,,,,X,X,,X,
neos-506422,easy,P,MBP,6811,2527,31815,,63,2464,0,,X,X,,,,,,,,,X,
neos-506428,easy,R,BP,129925,42981,343466,,42981,,583780,,X,X,,,,,,X,,,X,
neos-520729,easy,U,MBP,31178,91149,322203,,30708,60441,-1.39E+06,X,,X,,,,,,,,,X,
neos-555424,easy,P,IP,2676,3815,15667,15,3800,,1.29E+06,,X,,,X,,X,,X,,,X,X
neos-631710,easy,CR,BP,169576,167056,834166,,167056,,203,,X,X,X,,,,X,,,,,
neos-686190,easy,B,IP,3664,3660,18085,60,3600,,6730,,X,X,,X,,,,X,,,,X
neos-693347,easy,P,MBP,3192,1576,113472,,1405,171,234,,X,X,X,,X,,,,,,X,
neos6,easy,P,MBP,1036,8786,251946,,8340,446,83,,,,X,X,,,,X,X,,X,
neos-738098,easy,P,MBP,25849,9093,101360,,8946,147,-1099,,X,X,X,,X,X,X,X,,,X,
neos-777800,easy,P,BP,479,6400,32000,,6400,,-80,,X,,X,,X,,,,,,,
neos-785912,easy,I,BP,1714,1380,16610,,1380,,Infeasible,,X,,X,,,,,X,,,,
neos788725,easy,I,BP,433,352,4912,,352,,Infeasible,,X,X,,,,,,X,,,X,
neos-799711,easy,U,MBP,59218,41998,147164,,910,41088,-1.12E+07,X,X,,X,,X,,,,,,X,
neos-807456,hard,C,BP,840,1635,4905,,1635,,Infeasible,X,,X,,,,,,,,,,
neos808444,easy,P,BP,18329,19846,120512,,19846,,0,X,X,X,X,,,X,,X,,,X,
neos-820146,easy,IT,BP,830,600,3225,,600,,Infeasible,,,,X,X,X,,,X,,,,
neos-820157,easy,IT,BP,1015,1200,4875,,1200,,Infeasible,,X,X,X,X,X,,,X,,,,
neos-824661,easy,P,MBP,18804,45390,138890,,15640,29750,33,,,X,,,X,,X,,,,X,
neos-824695,easy,P,MBP,9576,23970,72590,,8500,15470,31,,,X,,,X,,X,,,,X,
neos-826650,easy,T,MBP,2414,5912,20440,,5792,120,29,X,,X,X,,X,,X,X,,,X,
neos-826694,easy,P,MBP,6904,16410,59268,,16290,120,58,X,,,X,,X,,X,X,,,X,
neos-826812,easy,P,MBP,6844,15864,53808,,10350,5514,58.011,X,,,,,X,,X,,,,X,
neos-826841,easy,T,MBP,2354,5516,18460,,3488,2028,29.0082,X,,X,,,X,,X,,,,X,
neos-847302,hard,T,MBP,609,737,9566,,729,8,4,,X,X,X,,,,,,,,X,
neos-849702,easy,BP,BP,1041,1737,19308,,1737,,0,,,X,X,,X,,,X,,,,
neos858960,easy,IT,BP,132,160,2770,,160,,Infeasible,,X,,,,X,,,X,,,,
neos-859770,easy,I,BP,2065,2504,880736,,2504,,Infeasible,,,X,,,,,,X,,,X,
neos-885086,easy,P,MBP,11574,4860,248310,,2430,2430,-243,,X,,X,,,,,,,,X,
neos-885524,easy,P,BP,65,91670,258309,,91670,,12320.1,,,,,,,,,,,,X,
neos-911880,easy,T,MBP,83,888,2568,,840,48,54.76,,,X,,,,,,,,,X,
neos-916792,easy,B,MBP,1909,1474,134442,,717,757,31.8704,,X,,,,,,,X,,,X,
neos-932816,easy,P,MBP,30823,21007,484926,,20566,441,15376,,X,,X,,,,,X,,,X,
neos-933638,easy,P,MBP,13658,32417,187173,,28637,3780,276,,X,,X,,,,,X,,,X,
neos-933966,easy,P,MBP,12047,31762,180618,,27982,3780,318,,X,,X,,,,,X,,,X,
neos-934278,easy,B,MBP,11495,23123,125577,,19955,3168,260,,X,,X,,,,,X,,,X,
neos-935627,easy,PR,MBP,7859,10301,40476,,7522,2779,2598,,X,,X,,,,,X,,,X,
neos-935769,easy,P,MBP,6741,9799,36447,,7020,2779,3010,,X,,X,,,,,X,,,X,
neos-937511,easy,P,MBP,8158,11332,44237,,8562,2770,3510,,X,,X,,,,,X,,,X,
neos-937815,easy,CR,MBP,9251,11646,48013,,8876,2770,2845,,X,,X,,,,,X,,,X,
neos-941262,easy,R,MBP,6703,9480,35659,,6710,2770,2791,,X,,X,,,,,X,,,X,
neos-941313,easy,P,BP,13189,167910,484080,,167910,,9361,,,X,X,X,X,,,X,X,,X,
neos-942830,easy,T,MBP,803,882,13290,,834,48,16,X,,X,X,,,,,X,,,X,
neos-948126,hard,R,MBP,7271,9551,38219,,6965,2586,2607,,X,,X,,,,,X,,,X,
neos-952987,open,C,BP,354,31329,90384,,31329,,?,,,,,X,,X,,X,X,,,
neos-957389,easy,P,BP,5115,6036,355372,,6036,,1.5,,X,X,X,,,,X,X,X,,,
neos-984165,hard,CR,MBP,6962,8883,36742,,6478,2405,2188,,X,,X,,,,,X,,,X,
net12,easy,BR,MBP,14021,14115,80384,,1603,12512,214,,X,X,X,X,X,,,X,,,X,
netdiversion,easy,B,BP,119589,129180,615282,,129180,,242,,X,X,X,X,X,,,X,,,,
newdano,easy,B,MBP,576,505,2184,,56,449,65.6667,,X,,,,X,,,,,,X,
nobel-eu-DBE,easy,T,MBP,879,3771,11313,,1639,2132,608910,X,,,,,,,,X,,,X,
noswot,easy,BT,MIP,182,128,735,25,75,28,-41,,X,,,,,,,,,X,,X
npmv07,easy,U,MBP,76342,220686,859614,,1880,218806,1.05E+11,,X,,,,,,,,,,X,
ns1111636,hard,CR,MBP,13895,360822,568444,,13200,347622,162,,,,X,,X,,,X,X,,X,
ns1116954,easy,P,MBP,131991,12648,410582,,7482,5166,0,,X,X,X,,X,,X,,X,,X,
ns1158817,easy,I,MBP,68455,1804022,2842044,,66022,1738000,Infeasible,,,,X,,X,,,X,X,,X,
ns1208400,easy,B,MBP,4289,2883,81746,,2880,3,2,,X,X,,X,,,,X,,,X,
ns1456591,open,CT,MIP,1997,8399,199862,19,8000,380,?,,,X,,,X,,,,X,,X,X
ns1606230,easy,R,MBP,3503,4173,92133,,3633,540,21,,,X,,X,X,,,X,,,X,
ns1631475,open,CR,MIP,24496,22696,116733,211,22470,15,?,,X,X,,,X,,,,,,X,X
ns1644855,easy,R,MBP,40698,30200,2110696,,10000,20200,-1524.33,,X,X,,,,,,,,,X,
ns1663818,easy,CX,BP,172017,124626,20433649,,124626,,86,,X,X,X,,,,,X,X,,X,
ns1685374,easy,R,BP,44121,10000,220859,,10000,,-13,,,X,X,X,X,,,X,,,X,
ns1686196,easy,I,BP,4055,2738,68529,,2738,,Infeasible,,X,X,X,,X,,,X,X,,X,
ns1688347,easy,B,BP,4191,2685,66908,,2685,,27,X,X,X,X,,,,,X,X,,X,
ns1696083,easy,CR,BP,11063,7982,384129,,7982,,45,,X,X,X,,X,,,X,X,,X,
ns1702808,easy,I,MBP,1474,804,5856,,666,138,Infeasible,,,X,,,X,,,,,,X,
ns1745726,easy,I,BP,4687,3208,90278,,3208,,Infeasible,,X,X,X,,X,,,X,X,,X,
ns1758913,easy,B,MBP,624166,17956,1283444,,17822,134,-1454.67,,X,X,,,X,,,,,,X,
ns1766074,easy,BIT,MIP,182,100,666,90,,10,Infeasible,,,,,,,,,,,X,,X
ns1769397,easy,I,BP,5527,3772,117383,,3772,,Infeasible,,X,X,X,,X,,,X,X,,X,
ns1778858,easy,C,BP,10666,4720,32673,,4720,,-2.26E+07,,X,X,,,,,,X,,,X,
ns1830653,easy,B,MBP,2932,1629,100933,,1458,171,20622,,,X,X,,X,,,,,,X,
ns1853823,open,C,BP,224526,213440,1489480,,213440,,?,,,,,,X,,,X,X,,,
ns1854840,open,C,IP,143616,135754,856994,474,135280,,?,,X,,,,X,,,X,,,,X
ns1856153,open,CR,MBP,35407,11998,105882,,11956,42,?,,X,,,,X,,,X,,,X,
ns1904248,open,C,MBP,149437,38458,378770,,38416,42,?,,X,,,X,X,,,X,,,X,
ns1905797,open,C,MIP,51884,18192,239700,4,17676,512,?,X,X,X,,,X,,,,,,X,X
ns1905800,open,C,MIP,8289,3228,38100,3,3030,195,?,,X,X,,,X,,,,,,X,X
ns1952667,easy,P,IP,41,13264,335643,13264,,,0,,,,,,,,,,,X,,X
ns2017839,easy,U,MBP,54510,55224,317840,,12,55212,7.70E+13,X,X,,,,,,,,,,X,
ns2081729,easy,T,MBP,1190,661,5680,,600,61,9,X,X,,,,,,,,,,X,
ns2118727,easy,IR,MBP,163354,167440,646864,,159514,7926,Infeasible,,X,,,X,,,,X,,,X,
ns2122603,hard,U,MBP,24754,19300,77044,,7588,11712,7.77E+07,,X,,,,,,,,,,X,
ns2124243,open,C,MBP,139280,156083,429032,,16447,139636,?,X,X,X,,,X,,,,,,X,
ns2137859,open,C,MBP,206726,103361,923682,,103041,320,?,,X,X,,X,X,,,X,X,,X,
ns4-pr3,open,C,MIP,2210,8601,25986,61,,8540,?,X,X,,,,,,,,,,X,X
ns4-pr9,open,C,MIP,2220,7350,22176,42,,7308,?,X,X,,,,,,,,,,X,X
ns894236,open,CR,BP,8218,9666,41067,,9666,,?,X,X,,,,X,,,X,,,X,
ns894244,easy,R,BP,12129,21856,90864,,21856,,15,,X,,,,X,,,X,,,X,
ns894786,open,CR,BP,16794,27278,113575,,27278,,?,,X,,,,X,,,X,,,X,
ns894788,easy,T,BP,2279,3463,14381,,3463,,7,,X,,,,X,,,X,,,X,
ns903616,easy,CR,BP,18052,21582,91641,,21582,,19,X,X,,,,X,,,X,,,X,
ns930473,open,CR,MBP,23240,11328,121764,,11176,152,?,,,X,,,X,,,,,,X,
nsr8k,open,CR,MBP,6284,38356,371608,,32040,6316,?,,,,,,,,,X,,,X,
nu120-pr3,hard,C,IP,2210,8601,25986,61,8540,,28130,X,X,X,,,X,,,,,,,X
nu60-pr9,easy,C,IP,2220,7350,22176,42,7308,,24940,X,X,X,,,X,,,,,,,X
ofi,easy,U,MIP,422587,420434,1778754,11073,18632,390729,6.16E+09,X,X,X,,,,,,,,,X,
opm2-z10-s2,easy,C,BP,160633,6250,371243,,6250,,-33826,,X,,,,,,,,X,,,
opm2-z11-s8,easy,CR,BP,223082,8019,510283,,8019,,-43485,,X,,,,,,,,X,,,
opm2-z12-s14,hard,CR,BP,319508,10800,725376,,10800,,-64291,,X,,,,,,,,X,,,
opm2-z12-s7,hard,CR,BP,319508,10800,725385,,10800,,-65514,,X,,,,,,,,X,,,
opm2-z7-s2,easy,B,BP,31798,2023,79762,,2023,,-10280,,X,,,,,,,,X,,,
p100x588b,hard,C,MBP,688,1176,2352,,588,588,47878,,X,,,,,,,,,,X,
p2m2p1m1p0n100,easy,IT,BP,1,100,100,,100,,Infeasible,,,,,,,,,,X,,X,
p6b,hard,C,BP,5852,462,11704,,462,,-63,,X,,,,,,,,,,,
p80x400b,easy,T,MBP,480,800,1600,,400,400,39667,X,X,,,,,,,,,,X,
pb-simp-nonunif,open,CX,BP,1451912,23848,4366648,,23848,,?,X,X,,,X,,,,X,,,,
pg5_34,easy,B,MBP,225,2600,7700,,100,2500,-14339.4,,,,,,,,,,,,X,
pg,easy,T,MBP,125,2700,5200,,100,2600,-8674.34,,,,,,,,,,,,X,
pigeon-10,easy,BT,MBP,931,490,8150,,400,90,-9000,,,,,,X,,,X,X,,X,
pigeon-11,easy,T,MBP,1123,572,9889,,473,99,-10000,,,,,,X,,,X,X,,X,
pigeon-12,easy,CT,MBP,1333,660,11796,,552,108,-11000,,,,,,X,,,X,X,,X,
pigeon-13,easy,C,MBP,1561,754,13871,,637,117,-12000,,,,,,X,,,X,X,,X,
pigeon-19,easy,C,MBP,3307,1444,29849,,1273,171,-18000,,,,,,X,,,X,X,,X,
probportfolio,hard,C,MBP,302,320,6620,,300,20,16.7342,,,,,,,,,X,,,X,
protfold,hard,R,BP,2112,1835,23491,,1835,,-31,,,X,X,X,X,,,X,,,X,
pw-myciel4,easy,B,IP,8164,1059,17779,1,1058,,10,,X,X,,,,,,,,,,X
qiu,easy,B,MBP,1192,840,3432,,48,792,-132.873,,X,,,,,,,,,,X,
queens-30,hard,C,BP,960,900,93440,,900,,-40,,,,,,,,,,X,,,
r80x800,hard,C,MBP,880,1600,3200,,800,800,5332,,X,,,,,,,,,,X,
rail01,easy,R,BP,46843,117527,392086,,117527,,-70.57,X,X,X,X,,X,,,,X,,,
rail02,easy,CR,BP,95791,270869,756228,,270869,,-200.45,X,,X,X,,X,,,,X,,,
rail03,hard,CR,BP,253905,758775,1728451,,758775,,-867.094,X,X,X,X,,X,,,,X,,,
rail507,easy,B,MBP,509,63019,468878,,63009,10,174,,X,,,X,,,,X,,,X,
ramos3,open,CR,BP,2187,2187,32805,,2187,,?,,,,,,,,,X,,,,
ran14x18.disj-8,easy,T,MBP,447,504,10277,,252,252,3712,,X,,,X,,,,X,,,X,
ran14x18,easy,T,MBP,284,504,1008,,252,252,3712,,X,,,,,,,,,,X,
ran16x16,easy,B,MBP,288,512,1024,,256,256,3823,,X,,,,,,,,,,X,
reblock166,easy,T,BP,17024,1660,39442,,1660,,-6.00E+08,,X,,,,,,,,X,,,
reblock354,hard,C,BP,19906,3540,52901,,3540,,-3.93E+07,,X,,,,,,,,X,,,
reblock420,easy,C,BP,62800,4200,138670,,4200,,-5.18E+08,,X,,,,,,,,X,,,
reblock67,easy,B,BP,2523,670,7495,,670,,-3.46E+07,,X,,,,,,,,X,,,
rmatr100-p10,easy,B,MBP,7260,7359,21877,,100,7259,423,,,,,,X,,,,,,X,
rmatr100-p5,easy,B,MBP,8685,8784,26152,,100,8684,976,,,,,,X,,,,,,X,
rmatr200-p10,hard,C,MBP,35055,35254,105362,,200,35054,2017,,,,,,X,,,,,,X,
rmatr200-p20,hard,C,MBP,29406,29605,88415,,200,29405,837,,,,,,X,,,,,,X,
rmatr200-p5,easy,C,MBP,37617,37816,113048,,200,37616,4521,,,,,,X,,,,,,X,
rmine10,hard,C,BP,65274,8439,162264,,8439,,-1913.88,,X,,,,,,,,,,X,
rmine14,open,C,BP,268535,32205,660346,,32205,,?,,X,,,,,,,,,,X,
rmine21,open,CX,BP,1441651,162547,3514884,,162547,,?,,X,,,,,,,,,,X,
rmine25,open,CX,BP,2953849,326599,7182744,,326599,,?,,X,,,,,,,,,,X,
rmine6,easy,B,BP,7078,1096,18084,,1096,,-457.186,,X,,,,,,,,,,X,
rocII-4-11,easy,B,MBP,21738,9234,243106,,9086,148,-6.65276,,X,X,X,,X,,,X,,,X,
rocII-7-11,open,C,MBP,37215,16101,423661,,15851,250,?,,X,X,X,,X,,,X,,,X,
rocII-9-11,open,C,MBP,47533,20679,544031,,20361,318,?,,X,X,X,,X,,,X,,,X,
rococoB10-011000,easy,C,IP,1667,4456,16517,136,4320,,19449,,X,X,,,X,,,,,,,X
rococoC10-001000,easy,B,IP,1293,3117,11751,124,2993,,11460,,X,X,,,X,,,,,,,X
rococoC11-011100,easy,CR,IP,2367,6491,30472,166,6325,,20889,X,X,X,,,X,,,X,,,,X
rococoC12-111000,open,C,IP,10776,8619,48920,187,8432,,?,,X,X,,,X,,,,,,,X
roll3000,easy,B,MIP,2295,1166,29386,492,246,428,12890,,X,,X,X,,,,X,,X,X,X
rvb-sub,open,C,MBP,225,33765,984143,,33763,2,?,,,X,,,,,,,,,X,
satellites1-25,easy,B,MBP,5996,9013,59023,,8509,504,-5,X,X,X,X,,X,,,X,,,X,
satellites2-60-fs,easy,R,MBP,16516,35378,125048,,34324,1054,-19,X,X,X,X,,X,,,,,,X,
satellites2-60,easy,CUR,MBP,20916,35378,283668,,34324,1054,-19,X,X,X,X,,X,,,X,,,X,
satellites3-40-fs,easy,CUR,MBP,35553,81681,291161,,79961,1720,-25,X,X,X,X,,X,,,,,,X,
satellites3-40,hard,CUR,MBP,44804,81681,698176,,79961,1720,-25,X,X,X,X,,X,,,X,,,X,
sct1,open,C,MIP,12154,22886,105571,1268,9044,12574,?,,X,,,,,,,X,X,,X,
sct32,hard,C,MIP,5440,9767,109654,1332,6396,2039,-17.8876,,X,,,,,,,X,X,,X,
sct5,open,CR,MIP,13304,37265,147037,2302,20702,14261,?,,X,,,,,,,X,X,,X,
set3-10,hard,C,MBP,3747,4019,13747,,1424,2595,185179,,X,,,,,,,,,,X,
set3-15,hard,C,MBP,3747,4019,13747,,1424,2595,124886,,X,,,,,,,,,,X,
set3-20,hard,C,MBP,3747,4019,13747,,1424,2595,159463,,X,,,,,,,,,,X,
seymour,easy,C,BP,4944,1372,33549,,1372,,423,,X,,,X,,,,X,,,,
seymour.disj-10,hard,C,BP,5108,1209,64704,,1209,,287,,X,,,X,,,,X,,,X,
shipsched,open,C,MBP,45554,13594,121571,,10549,3045,?,X,X,,,,,,,,,,X,
shs1023,hard,C,MIP,133944,444625,1044725,440899,1296,2430,13136.6,X,X,,X,,,,,,,X,,X
siena1,open,C,MBP,2220,13741,258915,,11775,1966,?,,,,,X,,,,X,,,X,
sing161,open,C,MBP,455631,770102,2072500,,733244,36858,?,X,X,X,,,X,,,,,,X,
sing245,open,CR,MBP,143161,235146,652817,,220692,14454,?,X,X,X,,,X,,,,,,X,
sing2,open,C,MBP,28891,31630,149712,,23377,8253,?,X,X,X,,,X,,,,,,X,
sing359,open,CR,MBP,437116,713762,1975605,,674643,39119,?,X,X,X,,,X,,,,,,X,
sp97ar,easy,C,BP,1761,14101,290968,,14101,,6.61E+08,,X,,X,X,,,,X,,,X,
sp98ic,easy,B,BP,825,10894,316317,,10894,,4.49E+08,,X,,X,X,,,,X,,,X,
sp98ir,easy,B,IP,1531,1680,71704,809,871,,2.20E+08,,X,,,,,,X,,X,,X,X
splan1,open,CUX,MIP,572800,1317382,5233840,1978,90810,1224594,?,X,X,,X,,X,,,X,X,X,X,X
stockholm,open,C,MBP,57346,20644,171076,,962,19682,?,,X,,,,,,,,,,X,
stp3d,hard,CR,BP,159488,204880,662128,,204880,,493.72,,X,X,X,,X,,,,,,,
sts405,open,C,BP,27270,405,81810,,405,,?,,,,,X,,,,X,,,,
sts729,open,CR,BP,88452,729,265356,,729,,?,,,,,X,,,,X,,,,
swath,hard,C,MBP,884,6805,34965,,6724,81,467.407,,,X,,,X,,,,,,X,
t1717,open,C,BP,551,73885,325689,,73885,,?,,,X,,,,,,,,,,
t1722,open,C,BP,338,36630,133096,,36630,,?,,,X,,,,,,,,,,
tanglegram1,easy,B,BP,68342,34759,205026,,34759,,5182,,,,,X,,,,X,,,,
tanglegram2,easy,B,BP,8980,4714,26940,,4714,,443,,,,,X,,,,X,,,,
timtab1,easy,BT,MIP,171,397,829,107,64,226,764772,,,,,,,,,,,,X,X
toll-like,easy,C,BP,4408,2883,13224,,2883,,610,,,,,X,,,,X,,,,
transportmoment,easy,CU,MBP,9616,9685,29541,,2456,7229,-3.06E+09,X,X,,,,,,,,,,X,
triptim1,easy,BP,MIP,15706,30055,515436,9597,20451,7,22.8681,X,X,,X,X,,,,X,,,,X
triptim2,hard,CR,MIP,14427,27326,521898,6548,20771,7,12.0051,X,X,X,X,X,X,,,X,,,,X
triptim3,easy,CR,MIP,14939,28440,524124,6812,21621,7,13.5311,X,X,X,X,X,X,,,X,,,,X
tw-myciel4,hard,C,IP,8146,760,27961,1,759,,10,X,X,,,X,,,,X,,,,X
uc-case11,open,C,MIP,51438,34134,202042,302,3898,29934,?,X,X,,,,,,,,,,X,
uc-case3,hard,C,MBP,52003,37749,273618,,11256,26493,7204.92,X,X,,,,,,,,,,X,
uct-subprob,easy,C,MBP,1973,2256,10147,,379,1877,314,X,X,,X,,,,,X,,,X,
umts,easy,T,MIP,4465,2947,23016,72,2802,73,3.01E+07,,X,X,,X,X,,,X,,,X,X
unitcal_7,easy,B,MBP,48939,25755,127595,,2856,22899,1.96E+07,,X,,,,,,,,,,X,
usAbbrv.8.25_70,hard,C,MBP,3291,2312,9628,,1681,631,120,,X,,,X,,,,X,,,X,
van,open,C,MBP,27331,12481,487296,,192,12289,?,,X,,,,,,,X,,,X,
vpphard2,easy,C,BP,198450,199999,648340,,199999,,81,,X,X,,,X,,,X,,,,
vpphard,easy,B,BP,47280,51471,372305,,51471,,5,,X,X,,,X,,,X,,,,
wachplan,easy,T,IP,1553,3361,89361,1,3360,,-8,,X,,,,X,,,X,,,X,X
wnq-n100-mw99-14,hard,CT,BP,656900,10000,1333400,,10000,,259,,X,,,X,,,,X,,,,
zib01,open,CX,BP,5887041,12471400,49877768,,12471400,,?,,,X,X,,X,,,,,,,
zib02,hard,CIX,BP,9049868,37709944,146280582,,37709944,,Infeasible,,X,X,X,,X,,,,,,,
zib54-UUE,easy,B,MBP,1809,5150,15288,,81,5069,1.03E+07,X,,,,,,,,,,,X,
